{
  "system": "Darwin",
  "version": "0.8.2",
  "lite": false,
  "py_version": "3.9",
  "py_version_micro": "3.9.12",
  "packages": {
    "pygame": "2.1.2",
    "flatbuffers": "20210226132247",
    "diff-match-patch": "20200713",
    "fsspec": "2023.6.0",
    "cinemagoer": "2023.5.1",
    "pytz": "2023.3.post1",
    "kivy-ios": "2023.1.29",
    "certifi": "2022.12.7",
    "regex": "2022.3.15",
    "dask": "2022.2.1",
    "distributed": "2022.2.1",
    "scikit-learn-intelex": "2021.20220215.132722",
    "imagecodecs": "2021.8.26",
    "tifffile": "2021.7.2",
    "daal4py": "2021.5.0",
    "chromedriver-binary": "118.0.5954.0.0",
    "setuptools": "60.2.0",
    "keyring": "23.4.0",
    "conda": "22.11.1",
    "pyzmq": "22.3.0",
    "twisted": "22.2.0",
    "attrs": "21.4.0",
    "incremental": "21.3.0",
    "argon2-cffi": "21.3.0",
    "packaging": "21.3",
    "pip": "21.2.4",
    "argon2-cffi-bindings": "21.2.0",
    "hyperlink": "21.0.0",
    "pyopenssl": "21.0.0",
    "virtualenv": "20.16.3",
    "automat": "20.2.0",
    "black": "19.10b0",
    "service-identity": "18.1.0",
    "constantly": "15.1.0",
    "libclang": "14.0.6",
    "rich": "13.4.2",
    "nvidia-ml-py": "12.535.108",
    "websockets": "10.4",
    "pillow": "9.5.0",
    "aniso8601": "9.0.1",
    "pyarrow": "9.0.0",
    "pyee": "8.2.2",
    "ipython": "8.2.0",
    "thinc": "8.1.12",
    "click": "8.0.4",
    "tenacity": "8.0.1",
    "pycurl": "7.44.1",
    "ipywidgets": "7.6.5",
    "pytest": "7.1.1",
    "ipykernel": "6.9.1",
    "notebook": "6.4.8",
    "nbconvert": "6.4.4",
    "jupyter-console": "6.4.0",
    "jupyter-client": "6.1.12",
    "pydocstyle": "6.1.1",
    "tornado": "6.1",
    "importlib-resources": "6.0.1",
    "pyyaml": "6.0.1",
    "isort": "5.9.3",
    "psutil": "5.8.0",
    "plotly": "5.6.0",
    "zope.interface": "5.4.0",
    "qtconsole": "5.3.0",
    "nbformat": "5.3.0",
    "smart-open": "5.2.1",
    "multidict": "5.2.0",
    "spyder": "5.1.5",
    "decorator": "5.1.1",
    "traitlets": "5.1.1",
    "ujson": "5.1.0",
    "astropy": "5.0.4",
    "python-slugify": "5.0.2",
    "dash-table": "5.0.0",
    "tqdm": "4.65.2",
    "pysimplegui": "4.60.4",
    "transformers": "4.26.1",
    "fonttools": "4.25.0",
    "sip": "4.19.13",
    "jsonschema": "4.17.3",
    "importlib-metadata": "4.11.3",
    "beautifulsoup4": "4.10.0",
    "jupyter-core": "4.9.2",
    "selenium": "4.8.2",
    "lxml": "4.8.0",
    "pexpect": "4.8.0",
    "antlr4-python3-runtime": "4.8",
    "rsa": "4.7.2",
    "typing-extensions": "4.7.1",
    "opencv-python": "4.6.0.66",
    "flask-jwt-extended": "4.4.4",
    "sphinx": "4.4.0",
    "cachetools": "4.2.2",
    "textdistance": "4.2.1",
    "gensim": "4.1.2",
    "ordered-set": "4.1.0",
    "bleach": "4.1.0",
    "pyodbc": "4.0.32",
    "mock": "4.0.3",
    "async-timeout": "4.0.1",
    "chardet": "4.0.0",
    "conda-build": "3.21.9",
    "protobuf": "3.19.6",
    "pycryptodome": "3.19.0",
    "flake8": "3.9.2",
    "aiohttp": "3.8.1",
    "nltk": "3.7",
    "zipp": "3.7.0",
    "spacy": "3.6.1",
    "tables": "3.6.1",
    "filelock": "3.6.0",
    "h5py": "3.6.0",
    "widgetsnbextension": "3.5.2",
    "matplotlib": "3.5.1",
    "anyio": "3.5.0",
    "pbxproj": "3.5.0",
    "cryptography": "3.4.8",
    "conda-verify": "3.4.2",
    "markdown": "3.3.4",
    "lightgbm": "3.3.2",
    "vadersentiment": "3.3.2",
    "jupyterlab": "3.3.2",
    "idna": "3.3",
    "opt-einsum": "3.3.0",
    "xxhash": "3.3.0",
    "langcodes": "3.3.0",
    "oauthlib": "3.2.1",
    "tldextract": "3.2.0",
    "bcrypt": "3.2.0",
    "jinja2": "3.1.2",
    "intervaltree": "3.1.0",
    "networkx": "3.1",
    "prompt-toolkit": "3.0.20",
    "spacy-legacy": "3.0.12",
    "openpyxl": "3.0.9",
    "preshed": "3.0.7",
    "pyparsing": "3.0.4",
    "xlsxwriter": "3.0.3",
    "wurlitzer": "3.0.2",
    "qdarkstyle": "3.0.2",
    "flask-sqlalchemy": "3.0.2",
    "markdown-it-py": "3.0.0",
    "requests": "2.28.2",
    "pycparser": "2.21",
    "oss2": "2.17.0",
    "aliyun-python-sdk-kms": "2.16.2",
    "pygments": "2.16.1",
    "fastjsonschema": "2.15.1",
    "datasets": "2.14.5",
    "aliyun-python-sdk-core": "2.13.36",
    "jupyterlab-server": "2.10.3",
    "tensorflow-estimator": "2.10.0",
    "tensorboard": "2.10.0",
    "keras": "2.10.0",
    "pylint": "2.9.6",
    "tensorflow": "2.9.1",
    "babel": "2.9.1",
    "imageio": "2.9.0",
    "libarchive-c": "2.9",
    "python-dateutil": "2.8.2",
    "numexpr": "2.8.1",
    "fastai": "2.7.9",
    "pycodestyle": "2.7.0",
    "astroid": "2.6.6",
    "scrapy": "2.6.1",
    "dash": "2.6.1",
    "pyjwt": "2.6.0",
    "platformdirs": "2.5.2",
    "portalocker": "2.5.1",
    "tensorboardx": "2.5.1",
    "srsly": "2.4.4",
    "bokeh": "2.4.2",
    "bitarray": "2.4.1",
    "mkl-service": "2.4.0",
    "contextvars": "2.4",
    "sortedcontainers": "2.4.0",
    "convertdate": "2.4.0",
    "anaconda-navigator": "2.3.2",
    "soupsieve": "2.3.1",
    "ray": "2.3.1",
    "pyflakes": "2.3.1",
    "hijri-converter": "2.2.4",
    "werkzeug": "2.2.2",
    "flask": "2.2.2",
    "sacrebleu": "2.2.0",
    "threadpoolctl": "2.2.0",
    "snowballstemmer": "2.2.0",
    "watchdog": "2.1.6",
    "spyder-kernels": "2.1.3",
    "gmpy2": "2.1.2",
    "omegaconf": "2.1.2",
    "markupsafe": "2.1.1",
    "sortedcollections": "2.1.0",
    "termcolor": "2.1.0",
    "kivy": "2.1.0",
    "catalogue": "2.0.8",
    "cymem": "2.0.6",
    "colorcet": "2.0.6",
    "pydispatcher": "2.0.5",
    "asttokens": "2.0.5",
    "charset-normalizer": "2.0.4",
    "sh": "2.0.4",
    "pyviz-comms": "2.0.2",
    "pyhamcrest": "2.0.2",
    "xlrd": "2.0.1",
    "itsdangerous": "2.0.1",
    "qtpy": "2.0.1",
    "zict": "2.0.0",
    "pyerfa": "2.0.0",
    "sphinxcontrib-htmlhelp": "2.0.0",
    "dash-core-components": "2.0.0",
    "cloudpickle": "2.0.0",
    "pyquery": "2.0.0",
    "dash-html-components": "2.0.0",
    "googleapis-common-protos": "1.53.0",
    "grpcio": "1.42.0",
    "google-auth": "1.33.0",
    "google-cloud-storage": "1.31.0",
    "urllib3": "1.26.9",
    "google-api-core": "1.25.1",
    "botocore": "1.24.32",
    "boto3": "1.21.32",
    "numpy": "1.21.6",
    "w3lib": "1.21.0",
    "blessed": "1.20.0",
    "parse": "1.19.1",
    "six": "1.16.0",
    "cffi": "1.15.0",
    "holoviews": "1.14.8",
    "jupyter-server": "1.13.5",
    "torch": "1.12.1",
    "wrapt": "1.12.1",
    "param": "1.12.0",
    "flask-compress": "1.12",
    "py": "1.11.0",
    "pydantic": "1.10.12",
    "sympy": "1.10.1",
    "async-generator": "1.10",
    "pytorch-lightning": "1.9.5",
    "typish": "1.9.3",
    "mxnet": "1.9.1",
    "anaconda-client": "1.9.0",
    "pmdarima": "1.8.5",
    "pkginfo": "1.8.2",
    "tensorboard-plugin-wit": "1.8.1",
    "conda-package-handling": "1.8.1",
    "send2trash": "1.8.0",
    "xgboost": "1.7.6",
    "scipy": "1.7.3",
    "cookiecutter": "1.7.3",
    "pep8": "1.7.1",
    "pysocks": "1.7.1",
    "google-cloud-core": "1.7.1",
    "crcmod": "1.7",
    "tblib": "1.7.0",
    "backports.functools-lru-cache": "1.6.4",
    "astunparse": "1.6.3",
    "yarl": "1.6.3",
    "parsel": "1.6.0",
    "lazy-object-proxy": "1.6.0",
    "autopep8": "1.6.0",
    "fastcore": "1.5.21",
    "nest-asyncio": "1.5.5",
    "openstep-parser": "1.5.4",
    "debugpy": "1.5.1",
    "requests-file": "1.5.1",
    "queuelib": "1.5.0",
    "pandocfilters": "1.5.0",
    "sqlalchemy": "1.4.32",
    "appdirs": "1.4.4",
    "nptyping": "1.4.4",
    "typed-ast": "1.4.3",
    "pandas": "1.4.2",
    "jdcal": "1.4.1",
    "blinker": "1.4",
    "atomicwrites": "1.4.0",
    "statsforecast": "1.4.0",
    "nose": "1.3.7",
    "bottleneck": "1.3.4",
    "pytorch-metric-learning": "1.3.2",
    "kiwisolver": "1.3.2",
    "mkl-fft": "1.3.1",
    "google-resumable-media": "1.3.1",
    "requests-oauthlib": "1.3.1",
    "text-unidecode": "1.3",
    "imagesize": "1.3.0",
    "pywavelets": "1.3.0",
    "absl-py": "1.3.0",
    "deprecated": "1.2.13",
    "python-lsp-server": "1.2.4",
    "clyent": "1.2.2",
    "seqeval": "1.2.2",
    "arrow": "1.2.2",
    "mkl-random": "1.2.2",
    "tomli": "1.2.2",
    "mpmath": "1.2.1",
    "fake-useragent": "1.2.1",
    "unidecode": "1.2.0",
    "numpydoc": "1.2",
    "partd": "1.2.0",
    "sniffio": "1.2.0",
    "outcome": "1.2.0",
    "cssselect": "1.2.0",
    "frozenlist": "1.2.0",
    "aiosignal": "1.2.0",
    "wsproto": "1.2.0",
    "nlpaug": "1.1.10",
    "sphinxcontrib-serializinghtml": "1.1.5",
    "munkres": "1.1.4",
    "scikit-learn": "1.1.3",
    "google-crc32c": "1.1.2",
    "keras-preprocessing": "1.1.2",
    "appscript": "1.1.2",
    "greenlet": "1.1.1",
    "catboost": "1.1.1",
    "gpustat": "1.1.1",
    "iniconfig": "1.1.1",
    "et-xmlfile": "1.1.0",
    "tbats": "1.1.0",
    "exceptiongroup": "1.1.0",
    "joblib": "1.1.0",
    "brotli": "1.0.9",
    "murmurhash": "1.0.8",
    "conda-repo-cli": "1.0.4",
    "itemloaders": "1.0.4",
    "fastprogress": "1.0.3",
    "flask-restx": "1.0.3",
    "qtawesome": "1.0.3",
    "spacy-loggers": "1.0.3",
    "sphinxcontrib-qthelp": "1.0.3",
    "msgpack": "1.0.2",
    "sphinxcontrib-devhelp": "1.0.2",
    "pyppeteer": "1.0.2",
    "sphinxcontrib-applehelp": "1.0.2",
    "sphinxcontrib-jsmath": "1.0.1",
    "heapdict": "1.0.1",
    "backports.weakref": "1.0.post1",
    "python-lsp-jsonrpc": "1.0.0",
    "backports.tempfile": "1.0",
    "python-lsp-black": "1.0.0",
    "jupyterlab-widgets": "1.0.0",
    "pluggy": "1.0.0",
    "jupyter": "1.0.0",
    "multiprocess": "0.70.15",
    "websocket-client": "0.58.0",
    "numba": "0.55.1",
    "olefile": "0.46",
    "llvmlite": "0.38.0",
    "wheel": "0.35.1",
    "yapf": "0.31.0",
    "cython": "0.29.28",
    "tensorflow-io-gcs-filesystem": "0.27.0",
    "xlwings": "0.24.9",
    "rope": "0.22.0",
    "trio": "0.22.0",
    "xarray": "0.20.1",
    "python-dotenv": "0.20.0",
    "scikit-image": "0.19.2",
    "future": "0.18.2",
    "jedi": "0.18.1",
    "responses": "0.18.0",
    "pyrsistent": "0.18.0",
    "immutables": "0.18",
    "ruamel.yaml": "0.17.21",
    "textblob": "0.17.1",
    "docutils": "0.17.1",
    "huggingface-hub": "0.17.1",
    "accelerate": "0.16.0",
    "ruamel-yaml-conda": "0.15.100",
    "holidays": "0.15",
    "h11": "0.14.0",
    "gluonts": "0.13.4",
    "statsmodels": "0.13.2",
    "prometheus-client": "0.13.1",
    "terminado": "0.13.1",
    "torchtext": "0.13.1",
    "torchvision": "0.13.1",
    "datashader": "0.13.0",
    "panel": "0.13.0",
    "tokenizers": "0.12.1",
    "sktime": "0.11.4",
    "torchmetrics": "0.11.4",
    "toolz": "0.11.2",
    "seaborn": "0.11.2",
    "opencensus": "0.11.2",
    "cytoolz": "0.11.0",
    "cycler": "0.11.0",
    "py4j": "0.10.9.7",
    "gluoncv": "0.10.5.post0",
    "anaconda-project": "0.10.2",
    "toml": "0.10.2",
    "pathy": "0.10.2",
    "wasabi": "0.10.1",
    "jmespath": "0.10.0",
    "requests-html": "0.10.0",
    "rtree": "0.9.7",
    "timm": "0.9.7",
    "json5": "0.9.6",
    "trio-websocket": "0.9.2",
    "lightning-utilities": "0.9.0",
    "tabulate": "0.8.9",
    "graphviz": "0.8.4",
    "mistune": "0.8.4",
    "executing": "0.8.3",
    "parso": "0.8.3",
    "autogluon.core": "0.8.2",
    "autogluon": "0.8.2",
    "autogluon.multimodal": "0.8.2",
    "autogluon.features": "0.8.2",
    "autogluon.timeseries": "0.8.2",
    "autogluon.tabular": "0.8.2",
    "autogluon.common": "0.8.2",
    "alabaster": "0.7.12",
    "blis": "0.7.8",
    "pickleshare": "0.7.5",
    "hvplot": "0.7.3",
    "mlforecast": "0.7.3",
    "defusedxml": "0.7.1",
    "brotlipy": "0.7.0",
    "ptyprocess": "0.7.0",
    "pathspec": "0.7.0",
    "aiohttp-cors": "0.7.0",
    "glob2": "0.7",
    "intake": "0.6.5",
    "pycosat": "0.6.3",
    "docopt": "0.6.2",
    "mccabe": "0.6.1",
    "tensorboard-data-server": "0.6.1",
    "multipledispatch": "0.6.0",
    "python-snappy": "0.6.0",
    "conda-pack": "0.6.0",
    "nbclient": "0.5.13",
    "pymeeus": "0.5.11",
    "colorful": "0.5.5",
    "datashape": "0.5.4",
    "patsy": "0.5.2",
    "autogluon.text": "0.5.2",
    "autogluon.vision": "0.5.2",
    "inflection": "0.5.1",
    "webencodings": "0.5.1",
    "testpath": "0.5.0",
    "s3transfer": "0.5.0",
    "fredapi": "0.5.0",
    "poyo": "0.5.0",
    "jsonify": "0.5",
    "pyasn1": "0.4.8",
    "google-auth-oauthlib": "0.4.6",
    "fairscale": "0.4.6",
    "pyct": "0.4.6",
    "colorama": "0.4.4",
    "binaryornot": "0.4.4",
    "mypy-extensions": "0.4.3",
    "typer": "0.4.2",
    "pyls-spyder": "0.4.0",
    "entrypoints": "0.4",
    "tinycss": "0.4",
    "gast": "0.4.0",
    "py-spy": "0.3.14",
    "pytesseract": "0.3.10",
    "openmim": "0.3.9",
    "dill": "0.3.7",
    "distlib": "0.3.5",
    "nbclassic": "0.3.5",
    "safetensors": "0.3.3",
    "pydeprecate": "0.3.2",
    "itemadapter": "0.3.0",
    "conda-token": "0.3.0",
    "evaluate": "0.3.0",
    "pyasn1-modules": "0.2.8",
    "hyperopt": "0.2.7",
    "ruamel.yaml.clib": "0.2.6",
    "wcwidth": "0.2.5",
    "evidently": "0.2.3",
    "pure-eval": "0.2.2",
    "navigator-updater": "0.2.1",
    "locket": "0.2.1",
    "applaunchservices": "0.2.1",
    "korean-lunar-calendar": "0.2.1",
    "tbb": "0.2",
    "bkcharts": "0.2",
    "stack-data": "0.2.0",
    "google-pasta": "0.2.0",
    "backcall": "0.2.0",
    "ipython-genutils": "0.2.0",
    "jinja2-time": "0.2.0",
    "sentencepiece": "0.1.95",
    "yfinance": "0.1.74",
    "protego": "0.1.16",
    "model-index": "0.1.11",
    "qstylizer": "0.1.10",
    "yacs": "0.1.8",
    "kivy-garden": "0.1.5",
    "confection": "0.1.3",
    "opencensus-context": "0.1.3",
    "matplotlib-inline": "0.1.2",
    "appnope": "0.1.2",
    "mdurl": "0.1.2",
    "jupyterlab-pygments": "0.1.2",
    "three-merge": "0.1.1",
    "sacremoses": "0.0.53",
    "openxlab": "0.0.25",
    "window-ops": "0.0.14",
    "multitasking": "0.0.11",
    "opendatalab": "0.0.10",
    "autocfg": "0.0.8",
    "fastdownload": "0.0.7",
    "bs4": "0.0.1",
    "autogluon-contrib-nlp": "0.0.1b20220208",
    "conda-content-trust": "0+unknown",
    "sklearn": "0.0"
  }
}